method,RMSE_nm,MAE_nm,P95_nm,P99_nm
BaselineCNN,0.00416179,0.00348376,0.00749325,0.00921525
TailAwareBest,0.00389476,0.00319712,0.00736888,0.00792899