{
  "rmse": 0.0023858812637627125,
  "mae": 0.002337460173293948,
  "r2": 0.9999303221702576
}