method,RMSE_nm,MAE_nm,P95_nm,P99_nm
BaselineCNN,0.00826030,0.00663618,0.01528916,0.01970837
TailAwareBest,0.01096256,0.00851336,0.02057841,0.02746341