{
  "rmse": 0.0019108678679913282,
  "mae": 0.0015269576106220484,
  "r2": 0.9999552965164185
}