method,RMSE_nm,MAE_nm,P95_nm,P99_nm
BaselineCNN,0.00427267,0.00377090,0.00664318,0.00689563
TailAwareBest,0.00354310,0.00334168,0.00489148,0.00518103