{
  "rmse": 0.0023771305568516254,
  "mae": 0.0016046520322561264,
  "r2": 0.9999307990074158
}