sample_id,reference_shift_nm,baseline_shift_nm,proposed_shift_nm,baseline_abs_error_nm,proposed_abs_error_nm
31,-0.03240012408108086,-0.05217639356851578,-0.0605349987745285,0.019776269487434918,0.028134874693447644
65,0.018985536100649084,0.03525909036397934,0.03476336598396301,0.016273554263330256,0.01577782988331393
66,0.012308291429365795,-0.007110618054866791,-0.012292571365833282,0.019418909484232586,0.024600862795199078
89,-0.03237062584578174,-0.06022211164236069,-0.06762663275003433,0.027851485796578944,0.03525600690425259
