sample_id,true_center_nm,baseline_center_nm,proposed_center_nm
99.0,1549.971206347446,1549.9740171283484,1549.971519678831
80.0,1549.998841455427,1550.0044037625194,1550.0001524090767
81.0,1550.0211646044033,1550.0254957824945,1550.0218462347984
