method,RMSE_nm,MAE_nm,P95_nm,P99_nm
BaselineCNN,0.00403168,0.00335511,0.00738162,0.00809672
TailAwareBest,0.00369817,0.00302047,0.00673959,0.00921613