left_m,target_m,right_m
0.4000403895893035,0.800080779178607,1.2001211687679103
