method,RMSE_nm,MAE_nm,P95_nm,P99_nm
BaselineCNN,0.00639333,0.00510196,0.01259431,0.01481050
TailAwareBest,0.00819127,0.00639801,0.01696902,0.01953185