{
  "rmse": 0.0020469913724809885,
  "mae": 0.0013587800785899162,
  "r2": 0.9999486804008484
}